{
    "$schema": "https://schema.management.azure.com/schemas/0.1.2-preview/CreateUIDefinition.MultiVm.json#",
    "handler": "Microsoft.Azure.CreateUIDef",
    "version": "0.1.2-preview",
    "parameters": {
      "basics": [
        {}
      ],
      "steps": [
        {
          "name": "suriyaConfig",
          "label": "Suriya settings",
          "subLabel": {
            "preValidation": "Configure the infrastructure settings",
            "postValidation": "Done"
          },
          "bladeTitle": "Suriya settings",
          "elements": [
            {
              "name": "suriyaAccounts",
              "type": "Microsoft.Storage.MultiStorageAccountCombo",
              "label": {
                "prefix": "Suriya account name prefix",
                "type": "Suriya account type"
              },
              "defaultValue": {
                "type": "Standard_LRS"
              },
              "constraints": {
                "allowedTypes": [
                  "Premium_LRS",
                  "Standard_LRS",
                  "Standard_GRS"
                ]
              }
            }
          ]
        }
      ],
      "outputs": {
        "prefix": "[steps('suriyaConfig').suriyaAccounts.prefix]",
        "location": "[location()]"
      }
    }
  }