{
	"$schema": "https://schema.management.azure.com/schemas/2019-04-01/deploymentTemplate.json#",
	"contentVersion": "1.0.0.0",
	"parameters": {
		"prefix": {
			"type": "String"
		},
		"location": {
			"type": "string",
			"defaultValue": "[resourceGroup().location]"
		}
	},
	"variables": {
		"storageAccountName": "[concat(parameters('prefix'), uniqueString(resourceGroup().id))]",
		"keyvaultAccountName": "[concat(parameters('prefix'), uniqueString(resourceGroup().id))]",
		"registryName": "[concat(parameters('prefix'), uniqueString(resourceGroup().id))]",
		"loganalyticsName": "[concat(parameters('prefix'), uniqueString(resourceGroup().id))]",
		"appInsightsName": "[concat(parameters('prefix'), uniqueString(resourceGroup().id))]",
		"workspaceName": "[concat(parameters('prefix'), uniqueString(resourceGroup().id))]"
	},
	"resources": [
		{
			"type": "Microsoft.Storage/storageAccounts",
			"apiVersion": "2021-09-01",
			"name": "[variables('storageAccountName')]",
			"location": "[parameters('location')]",
			"sku": {
				"name": "Standard_RAGRS",
				"tier": "Standard"
			},
			"kind": "StorageV2",
			"properties": {
				"minimumTlsVersion": "TLS1_0",
				"allowBlobPublicAccess": true,
				"networkAcls": {
					"bypass": "AzureServices",
					"virtualNetworkRules": [],
					"ipRules": [],
					"defaultAction": "Allow"
				}
			}
		},
		{
			"type": "Microsoft.KeyVault/vaults",
			"apiVersion": "2021-11-01-preview",
			"name": "[variables('keyvaultAccountName')]",
			"location": "[parameters('location')]",
			"properties": {
				"sku": {
					"family": "A",
					"name": "standard"
				},
				"tenantId": "72f988bf-86f1-41af-91ab-2d7cd011db47",
				"accessPolicies": [
					{
						"tenantId": "72f988bf-86f1-41af-91ab-2d7cd011db47",
						"objectId": "84adbd6c-f314-4959-a642-3be28bea77be",
						"permissions": {
							"keys": [
								"all"
							],
							"secrets": [
								"all"
							],
							"certificates": [
								"all"
							],
							"storage": [
								"all"
							]
						}
					},
					{
						"tenantId": "72f988bf-86f1-41af-91ab-2d7cd011db47",
						"objectId": "0de8b33b-a949-470e-974b-3ae925fba3ff",
						"permissions": {
							"keys": [
								"all"
							],
							"secrets": [
								"all"
							],
							"certificates": [
								"all"
							],
							"storage": []
						}
					}
				]
			}
		},
		{
			"type": "Microsoft.ContainerRegistry/registries",
			"apiVersion": "2021-12-01-preview",
			"name": "[variables('registryName')]",
			"location": "[parameters('location')]",
			"sku": {
				"name": "Premium",
				"tier": "Premium"
			},
			"properties": {
				"networkRuleBypassOptions": "AzureServices"
			}
		},
		{
			"type": "Microsoft.OperationalInsights/workspaces",
			"apiVersion": "2021-12-01-preview",
			"name": "[variables('loganalyticsName')]",
			"location": "[parameters('location')]",
			"properties": {
				"sku": {
					"name": "PerGB2018"
				}
			}
		},
		{
			"type": "microsoft.insights/components",
			"apiVersion": "2020-02-02",
			"name": "[variables('appInsightsName')]",
			"location": "[parameters('location')]",
			"kind": "web",
			"properties": {
				"Application_Type": "web",
				"WorkspaceResourceId": "[resourceId('Microsoft.OperationalInsights/workspaces', variables('loganalyticsName'))]",
				"IngestionMode": "LogAnalytics"
			},
			"dependsOn": [
				"[resourceId('Microsoft.OperationalInsights/workspaces', variables('loganalyticsName'))]"
			]
		},
		{
			"type": "Microsoft.MachineLearningServices/workspaces",
			"apiVersion": "2022-01-01-preview",
			"name": "[variables('workspaceName')]",
			"location": "[parameters('location')]",
			"sku": {
				"name": "Basic",
				"tier": "Basic"
			},
			"identity": {
				"type": "SystemAssigned"
			},
			"properties": {
				"friendlyName": "[variables('workspaceName')]",
				"description": "[variables('workspaceName')]",
				"hbiWorkspace": false,
				"storageAccount": "[resourceId('Microsoft.Storage/storageAccounts', variables('storageAccountName'))]",
				"keyVault": "[resourceId('Microsoft.KeyVault/vaults', variables('keyvaultAccountName'))]",
				"applicationInsights": "[resourceId('microsoft.insights/components', variables('appInsightsName'))]",
				"containerRegistry": "[resourceId('Microsoft.ContainerRegistry/registries', variables('registryName'))]"
			},
			"dependsOn": [
				"[resourceId('Microsoft.Storage/storageAccounts', variables('storageAccountName'))]",
				"[resourceId('Microsoft.KeyVault/vaults', variables('keyvaultAccountName'))]",
				"[resourceId('microsoft.insights/components', variables('appInsightsName'))]",
				"[resourceId('Microsoft.ContainerRegistry/registries', variables('registryName'))]"
			]
		}
	]
}