{
    "$schema": "https://schema.management.azure.com/schemas/2019-04-01/deploymentTemplate.json#",
    "contentVersion": "1.0.0.0",
    "parameters": {
        "prefix": {
            "type": "String"
        },
        "minimumInstances": {
            "defaultValue": 1,
            "type": "Int"
        },
        "location": {
            "defaultValue": "eastus",
            "type": "String"
        },
        "utcValue": {
            "defaultValue": "[utcNow()]",
            "type": "String"
        },
        "modelName": {
            "defaultValue": "cointegrated/rubert-tiny",
            "type": "String"
        },
        "taskName": {
            "defaultValue": "feature-extraction",
            "type": "String"
        }
    },
    "variables": {
        "resourceName": "[concat(parameters('prefix'), uniqueString(resourceGroup().id))]",
        "storageAccountName": "[variables('resourceName')]",
        "keyvaultAccountName": "[variables('resourceName')]",
        "registryName": "[variables('resourceName')]",
        "loganalyticsName": "[variables('resourceName')]",
        "appInsightsName": "[variables('resourceName')]",
        "workspaceName": "[variables('resourceName')]",
        "endpointName": "[concat(variables('resourceName'), 'ep1')]",
        "deploymentName": "[concat(variables('resourceName'), 'dep1')]",
        "tenantId": "[subscription().tenantId]"
    },
    "resources": [
        {
            "type": "Microsoft.Storage/storageAccounts",
            "apiVersion": "2021-09-01",
            "name": "[variables('storageAccountName')]",
            "location": "[parameters('location')]",
            "sku": {
                "name": "Standard_RAGRS",
                "tier": "Standard"
            },
            "kind": "StorageV2",
            "properties": {
                "minimumTlsVersion": "TLS1_0",
                "allowBlobPublicAccess": true,
                "networkAcls": {
                    "bypass": "AzureServices",
                    "virtualNetworkRules": [],
                    "ipRules": [],
                    "defaultAction": "Allow"
                }
            }
        },
        {
            "type": "Microsoft.KeyVault/vaults",
            "apiVersion": "2021-11-01-preview",
            "name": "[variables('keyvaultAccountName')]",
            "location": "eastus",
            "properties": {
                "sku": {
                    "family": "A",
                    "name": "standard"
                },
                "tenantId": "[variables('tenantId')]",
                "accessPolicies": [
                    {
                        "tenantId": "[variables('tenantId')]",
                        "objectId": "00000000-0000-0000-0000-000000000000",
                        "permissions": {
                            "keys": [
                                "all"
                            ],
                            "secrets": [
                                "all"
                            ],
                            "certificates": [
                                "all"
                            ],
                            "storage": [
                                "all"
                            ]
                        }
                    }
                ]
            }
        },
        {
            "type": "Microsoft.OperationalInsights/workspaces",
            "apiVersion": "2021-12-01-preview",
            "name": "[variables('loganalyticsName')]",
            "location": "eastus",
            "properties": {
                "sku": {
                    "name": "PerGB2018"
                }
            }
        },
        {
            "type": "microsoft.insights/components",
            "apiVersion": "2020-02-02",
            "name": "[variables('appInsightsName')]",
            "location": "eastus",
            "dependsOn": [
                "[resourceId('Microsoft.OperationalInsights/workspaces', variables('loganalyticsName'))]"
            ],
            "kind": "web",
            "properties": {
                "Application_Type": "web",
                "WorkspaceResourceId": "[resourceId('Microsoft.OperationalInsights/workspaces', variables('loganalyticsName'))]",
                "IngestionMode": "LogAnalytics"
            }
        },
        {
            "type": "Microsoft.MachineLearningServices/workspaces",
            "apiVersion": "2022-01-01-preview",
            "name": "[variables('workspaceName')]",
            "location": "[parameters('location')]",
            "dependsOn": [
                "[resourceId('Microsoft.Storage/storageAccounts', variables('storageAccountName'))]",
                "[resourceId('Microsoft.KeyVault/vaults', variables('keyvaultAccountName'))]",
                "[resourceId('microsoft.insights/components', variables('appInsightsName'))]"
            ],
            "sku": {
                "name": "Basic",
                "tier": "Basic"
            },
            "identity": {
                "type": "SystemAssigned"
            },
            "properties": {
                "friendlyName": "[variables('workspaceName')]",
                "description": "[variables('workspaceName')]",
                "hbiWorkspace": false,
                "storageAccount": "[resourceId('Microsoft.Storage/storageAccounts', variables('storageAccountName'))]",
                "keyVault": "[resourceId('Microsoft.KeyVault/vaults', variables('keyvaultAccountName'))]",
                "applicationInsights": "[resourceId('microsoft.insights/components', variables('appInsightsName'))]"
            }
        },
        {
            "type": "Microsoft.MachineLearningServices/workspaces/onlineEndpoints",
            "apiVersion": "2021-03-01-preview",
            "name": "[concat(variables('workspaceName'), '/', variables('endpointName'))]",
            "location": "[parameters('location')]",
            "dependsOn": [
                "[resourceId('Microsoft.MachineLearningServices/workspaces', variables('workspaceName'))]"
            ],
            "kind": "Managed",
            "identity": {
                "type": "SystemAssigned"
            },
            "properties": {
                "authMode": "Key"
            }
        },
        {
            "type": "Microsoft.MachineLearningServices/workspaces/onlineEndpoints/deployments",
            "apiVersion": "2021-10-01",
            "name": "[concat(variables('workspaceName'), '/', variables('endpointName'), '/', variables('deploymentName'))]",
            "location": "[parameters('location')]",
            "dependsOn": [
                "[resourceId('Microsoft.MachineLearningServices/workspaces/onlineEndpoints', variables('workspaceName'), variables('endpointName'))]"
            ],
            "sku": {
                "Name": "Default",
                "Capacity": 1
            },
            "kind": "Managed",
            "properties": {
                "model": "azureml://feeds/HuggingFace-Demo/models/image-classification.facebook.deit-base-distilled-patch16-224/versions/1",
                "scaleSettings": {
                    "scaleType": "Default"
                },
                "endpointComputeType": "Managed",
                "instanceType": "Standard_F2s_v2",
                "properties": {
                    "AZUREML_OAI_HF_MODEL_ID": "[parameters('modelName')]",
                    "AZUREML_OAI_HF_TASK": "[parameters('taskName')]"
                }
            }
        },
        {
            "type": "Microsoft.Insights/autoscaleSettings",
            "apiVersion": "2015-04-01",
            "name": "[variables('resourceName')]",
            "location": "[parameters('location')]",
            "dependsOn": [
                "[resourceId('Microsoft.MachineLearningServices/workspaces/onlineEndpoints/deployments', variables('workspaceName'), variables('endpointName'), variables('deploymentName'))]"
            ],
            "tags": {},
            "properties": {
                "name": "[variables('resourceName')]",
                "enabled": true,
                "predictiveAutoscalePolicy": {
                    "scaleMode": "Disabled",
                    "scaleLookAheadTime": null
                },
                "targetResourceUri": "[resourceId('Microsoft.MachineLearningServices/workspaces/onlineEndpoints/deployments', variables('workspaceName'), variables('endpointName'), variables('deploymentName'))]",
                "profiles": [
                    {
                        "name": "CPU Memory Utilization",
                        "capacity": {
                            "minimum": "1",
                            "maximum": "20",
                            "default": "1"
                        },
                        "rules": [
                            {
                                "scaleAction": {
                                    "direction": "Increase",
                                    "type": "ChangeCount",
                                    "value": "1",
                                    "cooldown": "PT5M"
                                },
                                "metricTrigger": {
                                    "metricName": "CpuMemoryUtilizationPercentage",
                                    "metricNamespace": "microsoft.machinelearningservices/workspaces/onlineendpoints/deployments",
                                    "metricResourceUri": "[resourceId('Microsoft.MachineLearningServices/workspaces/onlineEndpoints/deployments', variables('workspaceName'), variables('endpointName'), variables('deploymentName'))]",
                                    "operator": "GreaterThan",
                                    "statistic": "Average",
                                    "threshold": 70,
                                    "timeAggregation": "Average",
                                    "timeGrain": "PT1M",
                                    "timeWindow": "PT10M",
                                    "Dimensions": [],
                                    "dividePerInstance": false
                                }
                            }
                        ]
                    }
                ],
                "notifications": [],
                "targetResourceLocation": "eastus"
            }
        },
        {
            "type": "Microsoft.Resources/deployments",
			"name": "pid-cb8989f9-840e-497b-adbd-7524c33af83c",
            "apiVersion": "2020-06-01",
            "name": "UpdateTraffic",
            "dependsOn": [
                "[resourceId('Microsoft.MachineLearningServices/workspaces/onlineEndpoints/deployments', variables('workspaceName'), variables('endpointName'), variables('deploymentName'))]"
            ],
            "properties": {
                "mode": "Incremental",
                "parameters": {},
                "template": {
                    "$schema": "https://schema.management.azure.com/schemas/2019-04-01/deploymentTemplate.json#",
                    "contentVersion": "1.0.0.1",
                    "parameters": {},
                    "variables": {},
                    "resources": [
                        {
                            "type": "Microsoft.MachineLearningServices/workspaces/onlineEndpoints",
                            "apiVersion": "2021-10-01",
                            "name": "[concat(variables('workspaceName'), '/', variables('endpointName'))]",
                            "location": "[parameters('location')]",
                            "kind": "Managed",
                            "identity": {
                                "type": "SystemAssigned"
                            },
                            "properties": {
                                "authMode": "Key",
                                "traffic": {
                                    "[variables('deploymentName')]": 100
                                }
                            }
                        }
                    ],
                    "outputs": {
                        "scoringUri": {
                            "type": "string",
                            "value": "[reference(resourceId('Microsoft.MachineLearningServices/workspaces/onlineEndpoints', variables('workspaceName'), variables('endpointName')),'2021-10-01').scoringuri]"
                        }
                    }
                }
            }
        }
    ],
    "outputs": {
        "inferencingEndPoint": {
            "type": "String",
            "value": "[reference('UpdateTraffic').outputs['scoringUri'].value]"
        },
        "endpointKey": {
            "type": "String",
            "value": "[listKeys(resourceId('Microsoft.MachineLearningServices/workspaces/onlineEndpoints', variables('workspaceName'), variables('endpointName')),'2021-10-01').primaryKey]"
        }
    }
}